Name,Sex,Team,NOC,Year,City,Sport,Event,Medal
Chu Jinling,F,China,CHN,2012,London,Volleyball,Volleyball Women's Volleyball,No medal
Ding Xia,F,China,CHN,2016,Rio de Janeiro,Volleyball,Volleyball Women's Volleyball,Gold
Gong Xiangyu,F,China,CHN,2016,Rio de Janeiro,Volleyball,Volleyball Women's Volleyball,Gold
Hui Ruoqi,F,China,CHN,2012,London,Volleyball,Volleyball Women's Volleyball,No medal
Hui Ruoqi,F,China,CHN,2016,Rio de Janeiro,Volleyball,Volleyball Women's Volleyball,Gold
Lin Li,F,China,CHN,2016,Rio de Janeiro,Volleyball,Volleyball Women's Volleyball,Gold
Liu Xiaotong,F,China,CHN,2016,Rio de Janeiro,Volleyball,Volleyball Women's Volleyball,Gold
Ma Yunwen,F,China,CHN,2012,London,Volleyball,Volleyball Women's Volleyball,No medal
Mi Yang,F,China,CHN,2012,London,Volleyball,Volleyball Women's Volleyball,No medal
Shan Danna,F,China,CHN,2012,London,Volleyball,Volleyball Women's Volleyball,No medal
Wang Yimei,F,China,CHN,2012,London,Volleyball,Volleyball Women's Volleyball,No medal
Wei Qiuyue,F,China,CHN,2012,London,Volleyball,Volleyball Women's Volleyball,No medal
Wei Qiuyue,F,China,CHN,2016,Rio de Janeiro,Volleyball,Volleyball Women's Volleyball,Gold
Xu Yunli,F,China,CHN,2012,London,Volleyball,Volleyball Women's Volleyball,No medal
Xu Yunli,F,China,CHN,2016,Rio de Janeiro,Volleyball,Volleyball Women's Volleyball,Gold
Yan Ni,F,China,CHN,2016,Rio de Janeiro,Volleyball,Volleyball Women's Volleyball,Gold
Yang Fangxu,F,China,CHN,2016,Rio de Janeiro,Volleyball,Volleyball Women's Volleyball,Gold
Yang Junjing,F,China,CHN,2012,London,Volleyball,Volleyball Women's Volleyball,No medal
Yuan Xinyue,F,China,CHN,2016,Rio de Janeiro,Volleyball,Volleyball Women's Volleyball,Gold
Zeng Chunlei,F,China,CHN,2012,London,Volleyball,Volleyball Women's Volleyball,No medal
Zhang Changning,F,China,CHN,2016,Rio de Janeiro,Volleyball,Volleyball Women's Volleyball,Gold
Zhang Lei,F,China,CHN,2012,London,Volleyball,Volleyball Women's Volleyball,No medal
Zhang Xian,F,China,CHN,2012,London,Volleyball,Volleyball Women's Volleyball,No medal
Zhu Ting,F,China,CHN,2016,Rio de Janeiro,Volleyball,Volleyball Women's Volleyball,Gold
